module	file	loc	match_count	match_arms_total	avg_match_arms	if_count	if_chain_count	max_branch_depth	fanout	branch_sites_total
db::access::canonical	crates/icydb-core/src/db/access/canonical.rs	380	9	37	4.11	30	30	2	3	39
db::access::capabilities	crates/icydb-core/src/db/access/capabilities.rs	394	12	31	2.58	2	2	2	3	14
db::access::dispatch	crates/icydb-core/src/db/access/dispatch.rs	161	4	24	6.00	0	0	1	3	4
db::access::execution_contract::executable	crates/icydb-core/src/db/access/execution_contract/executable.rs	176	5	15	3.00	0	0	1	3	5
db::access::execution_contract	crates/icydb-core/src/db/access/execution_contract/mod.rs	17	0	0	0.00	0	0	0	0	0
db::access::execution_contract::pushdown	crates/icydb-core/src/db/access/execution_contract/pushdown.rs	29	0	0	0.00	1	1	1	1	1
db::access::execution_contract::route	crates/icydb-core/src/db/access/execution_contract/route.rs	224	1	2	2.00	8	8	2	2	9
db::access::execution_contract::strategy	crates/icydb-core/src/db/access/execution_contract/strategy.rs	81	0	0	0.00	3	3	1	1	3
db::access::execution_contract::summary	crates/icydb-core/src/db/access/execution_contract/summary.rs	134	5	18	3.60	9	8	3	3	13
db::access::execution_contract::types	crates/icydb-core/src/db/access/execution_contract/types.rs	53	0	0	0.00	0	0	0	3	0
db::access::lowering	crates/icydb-core/src/db/access/lowering.rs	306	5	17	3.40	1	1	2	5	6
db::access	crates/icydb-core/src/db/access/mod.rs	33	0	0	0.00	0	0	0	1	0
db::access::path	crates/icydb-core/src/db/access/path.rs	223	7	20	2.86	0	0	1	3	7
db::access::plan	crates/icydb-core/src/db/access/plan.rs	269	5	11	2.20	9	9	1	4	14
db::access::validate	crates/icydb-core/src/db/access/validate.rs	304	3	11	3.67	18	18	2	4	21
db::codec::cursor	crates/icydb-core/src/db/codec/cursor.rs	68	1	4	4.00	3	3	1	1	4
db::codec::hash_stream	crates/icydb-core/src/db/codec/hash_stream.rs	32	0	0	0.00	0	0	0	0	0
db::codec	crates/icydb-core/src/db/codec/mod.rs	82	1	3	3.00	1	1	1	2	2
db::commit::apply	crates/icydb-core/src/db/commit/apply.rs	35	0	0	0.00	3	3	1	1	3
db::commit::guard	crates/icydb-core/src/db/commit/guard.rs	140	1	3	3.00	7	7	1	2	8
db::commit::hooks	crates/icydb-core/src/db/commit/hooks.rs	124	0	0	0.00	5	5	1	5	5
db::commit::marker	crates/icydb-core/src/db/commit/marker.rs	370	0	0	0.00	17	17	1	3	17
db::commit::memory	crates/icydb-core/src/db/commit/memory.rs	80	1	4	4.00	4	4	2	2	5
db::commit	crates/icydb-core/src/db/commit/mod.rs	71	0	0	0.00	0	0	0	2	0
db::commit::prepare	crates/icydb-core/src/db/commit/prepare.rs	323	0	0	0.00	5	5	1	5	5
db::commit::prepared_op	crates/icydb-core/src/db/commit/prepared_op.rs	62	2	8	4.00	0	0	1	1	2
db::commit::rebuild	crates/icydb-core/src/db/commit/rebuild.rs	112	1	3	3.00	2	2	1	3	3
db::commit::recovery	crates/icydb-core/src/db/commit/recovery.rs	66	0	0	0.00	6	6	1	3	6
db::commit::replay	crates/icydb-core/src/db/commit/replay.rs	26	1	2	2.00	0	0	1	3	1
db::commit::rollback	crates/icydb-core/src/db/commit/rollback.rs	47	0	0	0.00	0	0	0	1	0
db::commit::store	crates/icydb-core/src/db/commit/store.rs	528	0	0	0.00	27	27	1	2	27
db::contracts	crates/icydb-core/src/db/contracts/mod.rs	16	0	0	0.00	1	1	1	0	1
db::contracts::semantics	crates/icydb-core/src/db/contracts/semantics.rs	19	0	0	0.00	1	1	1	2	1
db::cursor::anchor	crates/icydb-core/src/db/cursor/anchor.rs	203	1	2	2.00	11	10	2	3	11
db::cursor::boundary	crates/icydb-core/src/db/cursor/boundary.rs	222	4	8	2.00	8	8	3	4	12
db::cursor::continuation	crates/icydb-core/src/db/cursor/continuation.rs	191	1	2	2.00	4	4	2	2	5
db::cursor::error	crates/icydb-core/src/db/cursor/error.rs	294	3	12	4.00	0	0	1	3	3
db::cursor	crates/icydb-core/src/db/cursor/mod.rs	176	0	0	0.00	1	1	1	3	1
db::cursor::planned	crates/icydb-core/src/db/cursor/planned.rs	90	0	0	0.00	0	0	0	2	0
db::cursor::range_token	crates/icydb-core/src/db/cursor/range_token.rs	49	0	0	0.00	0	0	0	1	0
db::cursor::runtime	crates/icydb-core/src/db/cursor/runtime.rs	142	0	0	0.00	6	6	2	2	6
db::cursor::signature	crates/icydb-core/src/db/cursor/signature.rs	10	0	0	0.00	0	0	0	0	0
db::cursor::spine	crates/icydb-core/src/db/cursor/spine.rs	259	0	0	0.00	4	4	1	4	4
db::cursor::token::error	crates/icydb-core/src/db/cursor/token/error.rs	16	0	0	0.00	0	0	0	0	0
db::cursor::token::grouped	crates/icydb-core/src/db/cursor/token/grouped.rs	87	0	0	0.00	0	0	0	3	0
db::cursor::token	crates/icydb-core/src/db/cursor/token/mod.rs	24	0	0	0.00	0	0	0	0	0
db::cursor::token::scalar	crates/icydb-core/src/db/cursor/token/scalar.rs	107	1	2	2.00	0	0	1	2	1
db::cursor::token::wire	crates/icydb-core/src/db/cursor/token/wire.rs	77	0	0	0.00	0	0	0	2	0
db::data::entity_decode	crates/icydb-core/src/db/data/entity_decode.rs	72	0	0	0.00	1	1	1	4	1
db::data::key	crates/icydb-core/src/db/data/key.rs	274	0	0	0.00	4	4	1	5	4
db::data	crates/icydb-core/src/db/data/mod.rs	60	0	0	0.00	0	0	0	0	0
db::data::persisted_row::codec	crates/icydb-core/src/db/data/persisted_row/codec.rs	800	8	55	6.88	7	7	2	6	15
db::data::persisted_row::contract	crates/icydb-core/src/db/data/persisted_row/contract.rs	560	12	62	5.17	14	14	2	5	26
db::data::persisted_row	crates/icydb-core/src/db/data/persisted_row/mod.rs	58	0	0	0.00	0	0	0	1	0
db::data::persisted_row::patch	crates/icydb-core/src/db/data/persisted_row/patch.rs	208	0	0	0.00	5	5	1	4	5
db::data::persisted_row::reader	crates/icydb-core/src/db/data/persisted_row/reader.rs	813	15	57	3.80	16	16	3	4	31
db::data::persisted_row::types	crates/icydb-core/src/db/data/persisted_row/types.rs	182	0	0	0.00	0	0	0	5	0
db::data::persisted_row::writer	crates/icydb-core/src/db/data/persisted_row/writer.rs	128	2	4	2.00	0	0	1	3	2
db::data::row	crates/icydb-core/src/db/data/row.rs	139	0	0	0.00	1	1	1	4	1
db::data::store	crates/icydb-core/src/db/data/store.rs	44	0	0	0.00	0	0	0	1	0
db::data::structural_field::cbor	crates/icydb-core/src/db/data/structural_field/cbor.rs	415	5	22	4.40	20	20	2	1	25
db::data::structural_field::composite	crates/icydb-core/src/db/data/structural_field/composite.rs	236	4	14	3.50	4	4	4	3	8
db::data::structural_field::leaf	crates/icydb-core/src/db/data/structural_field/leaf.rs	418	6	29	4.83	19	18	2	3	24
db::data::structural_field	crates/icydb-core/src/db/data/structural_field/mod.rs	54	0	0	0.00	4	4	1	2	4
db::data::structural_field::scalar	crates/icydb-core/src/db/data/structural_field/scalar.rs	208	5	20	4.00	8	8	2	4	13
db::data::structural_field::storage_key	crates/icydb-core/src/db/data/structural_field/storage_key.rs	222	3	16	5.33	12	12	1	4	15
db::data::structural_field::value_storage	crates/icydb-core/src/db/data/structural_field/value_storage.rs	646	14	96	6.86	26	26	2	4	40
db::data::structural_row	crates/icydb-core/src/db/data/structural_row.rs	331	4	13	3.25	9	9	2	3	13
db::diagnostics::execution_trace	crates/icydb-core/src/db/diagnostics/execution_trace.rs	211	3	12	4.00	0	0	2	1	3
db::diagnostics	crates/icydb-core/src/db/diagnostics/mod.rs	772	4	10	2.50	9	9	2	4	13
db::direction	crates/icydb-core/src/db/direction.rs	7	0	0	0.00	0	0	0	0	0
db::executor::aggregate::capability	crates/icydb-core/src/db/executor/aggregate/capability.rs	308	1	3	3.00	11	11	1	2	12
db::executor::aggregate::contracts::error	crates/icydb-core/src/db/executor/aggregate/contracts/error.rs	38	1	2	2.00	0	0	1	1	1
db::executor::aggregate::contracts::grouped::context	crates/icydb-core/src/db/executor/aggregate/contracts/grouped/context.rs	336	0	0	0.00	11	11	1	3	11
db::executor::aggregate::contracts::grouped::engine	crates/icydb-core/src/db/executor/aggregate/contracts/grouped/engine.rs	271	0	0	0.00	8	8	1	3	8
db::executor::aggregate::contracts::grouped	crates/icydb-core/src/db/executor/aggregate/contracts/grouped/mod.rs	6	0	0	0.00	0	0	0	0	0
db::executor::aggregate::contracts	crates/icydb-core/src/db/executor/aggregate/contracts/mod.rs	13	0	0	0.00	0	0	0	0	0
db::executor::aggregate::contracts::spec	crates/icydb-core/src/db/executor/aggregate/contracts/spec.rs	87	5	16	3.20	0	0	1	3	5
db::executor::aggregate::contracts::state	crates/icydb-core/src/db/executor/aggregate/contracts/state.rs	765	29	96	3.31	24	24	2	4	53
db::executor::aggregate::distinct	crates/icydb-core/src/db/executor/aggregate/distinct.rs	101	0	0	0.00	4	4	1	4	4
db::executor::aggregate::execution	crates/icydb-core/src/db/executor/aggregate/execution.rs	435	10	26	2.60	1	1	2	3	11
db::executor::aggregate::fast_path	crates/icydb-core/src/db/executor/aggregate/fast_path.rs	390	2	10	5.00	15	15	2	2	17
db::executor::aggregate::field	crates/icydb-core/src/db/executor/aggregate/field/mod.rs	382	4	18	4.50	7	7	1	5	11
db::executor::aggregate::field_extrema	crates/icydb-core/src/db/executor/aggregate/field_extrema.rs	357	3	6	2.00	13	12	2	3	15
db::executor::aggregate::helpers	crates/icydb-core/src/db/executor/aggregate/helpers.rs	334	5	13	2.60	7	7	1	4	12
db::executor::aggregate::materialized_distinct	crates/icydb-core/src/db/executor/aggregate/materialized_distinct/mod.rs	15	0	0	0.00	0	0	0	3	0
db::executor::aggregate	crates/icydb-core/src/db/executor/aggregate/mod.rs	251	0	0	0.00	5	5	1	3	5
db::executor::aggregate::numeric	crates/icydb-core/src/db/executor/aggregate/numeric/mod.rs	294	5	11	2.20	8	8	2	5	13
db::executor::aggregate::projection::covering	crates/icydb-core/src/db/executor/aggregate/projection/covering.rs	65	0	0	0.00	2	2	1	3	2
db::executor::aggregate::projection	crates/icydb-core/src/db/executor/aggregate/projection/mod.rs	612	13	39	3.00	15	15	3	5	28
db::executor::aggregate::runtime::grouped_distinct::aggregate	crates/icydb-core/src/db/executor/aggregate/runtime/grouped_distinct/aggregate.rs	263	4	12	3.00	4	4	1	4	8
db::executor::aggregate::runtime::grouped_distinct	crates/icydb-core/src/db/executor/aggregate/runtime/grouped_distinct/mod.rs	25	0	0	0.00	1	1	1	1	1
db::executor::aggregate::runtime::grouped_fold::bundle	crates/icydb-core/src/db/executor/aggregate/runtime/grouped_fold/bundle.rs	311	0	0	0.00	10	10	2	3	10
db::executor::aggregate::runtime::grouped_fold	crates/icydb-core/src/db/executor/aggregate/runtime/grouped_fold/mod.rs	901	2	5	2.50	25	25	2	3	27
db::executor::aggregate::runtime::grouped_fold::page_finalize	crates/icydb-core/src/db/executor/aggregate/runtime/grouped_fold/page_finalize.rs	341	1	2	2.00	15	15	2	3	16
db::executor::aggregate::runtime::grouped_output	crates/icydb-core/src/db/executor/aggregate/runtime/grouped_output/mod.rs	231	0	0	0.00	8	8	1	4	8
db::executor::aggregate::runtime	crates/icydb-core/src/db/executor/aggregate/runtime/mod.rs	77	2	4	2.00	1	1	2	3	3
db::executor::aggregate::terminals	crates/icydb-core/src/db/executor/aggregate/terminals.rs	581	20	55	2.75	1	1	2	5	21
db::executor::authority::entity	crates/icydb-core/src/db/executor/authority/entity.rs	142	0	0	0.00	0	0	0	6	0
db::executor::authority	crates/icydb-core/src/db/executor/authority/mod.rs	2	0	0	0.00	0	0	0	0	0
db::executor::covering	crates/icydb-core/src/db/executor/covering.rs	327	4	11	2.75	20	20	2	5	24
db::executor::delete	crates/icydb-core/src/db/executor/delete/mod.rs	543	0	0	0.00	11	11	1	5	11
db::executor::diagnostics::counters	crates/icydb-core/src/db/executor/diagnostics/counters.rs	56	0	0	0.00	0	0	0	1	0
db::executor::diagnostics	crates/icydb-core/src/db/executor/diagnostics/mod.rs	6	0	0	0.00	0	0	0	0	0
db::executor::diagnostics::node	crates/icydb-core/src/db/executor/diagnostics/node.rs	90	2	8	4.00	0	0	1	1	2
db::executor::explain::descriptor::aggregate	crates/icydb-core/src/db/executor/explain/descriptor/aggregate.rs	73	0	0	0.00	0	0	0	1	0
db::executor::explain::descriptor::load	crates/icydb-core/src/db/executor/explain/descriptor/load.rs	575	4	11	2.75	19	18	1	4	22
db::executor::explain::descriptor	crates/icydb-core/src/db/executor/explain/descriptor/mod.rs	10	0	0	0.00	0	0	0	0	0
db::executor::explain::descriptor::shared	crates/icydb-core/src/db/executor/explain/descriptor/shared/mod.rs	661	16	65	4.06	20	19	2	2	35
db::executor::explain::descriptor::shared::predicate	crates/icydb-core/src/db/executor/explain/descriptor/shared/predicate.rs	172	4	13	3.25	11	11	2	2	15
db::executor::explain	crates/icydb-core/src/db/executor/explain/mod.rs	6	0	0	0.00	0	0	0	0	0
db::executor::group::hash	crates/icydb-core/src/db/executor/group/hash.rs	16	0	0	0.00	0	0	0	2	0
db::executor::group::key	crates/icydb-core/src/db/executor/group/key.rs	189	4	12	3.00	0	0	1	3	4
db::executor::group	crates/icydb-core/src/db/executor/group/mod.rs	82	0	0	0.00	0	0	0	1	0
db::executor::kernel	crates/icydb-core/src/db/executor/kernel/mod.rs	270	1	2	2.00	13	13	1	2	14
db::executor	crates/icydb-core/src/db/executor/mod.rs	233	3	5	1.67	0	0	1	3	3
db::executor::mutation::commit_window	crates/icydb-core/src/db/executor/mutation/commit_window.rs	792	2	6	3.00	16	16	2	5	18
db::executor::mutation	crates/icydb-core/src/db/executor/mutation/mod.rs	87	0	0	0.00	0	0	0	3	0
db::executor::mutation::save::batch	crates/icydb-core/src/db/executor/mutation/save/batch.rs	191	2	5	2.50	4	4	2	5	6
db::executor::mutation::save	crates/icydb-core/src/db/executor/mutation/save/mod.rs	99	4	12	3.00	0	0	1	5	4
db::executor::mutation::save::shared	crates/icydb-core/src/db/executor/mutation/save/shared.rs	120	2	5	2.50	2	2	2	4	4
db::executor::mutation::save::structural	crates/icydb-core/src/db/executor/mutation/save/structural.rs	216	3	6	2.00	5	5	1	6	8
db::executor::mutation::save::typed	crates/icydb-core/src/db/executor/mutation/save/typed.rs	141	0	0	0.00	0	0	0	6	0
db::executor::mutation::save_validation	crates/icydb-core/src/db/executor/mutation/save_validation.rs	291	2	8	4.00	18	18	2	7	20
db::executor::order	crates/icydb-core/src/db/executor/order.rs	303	9	26	2.89	6	6	2	2	15
db::executor::pipeline::contracts::execution::inputs	crates/icydb-core/src/db/executor/pipeline/contracts/execution/inputs.rs	497	3	6	2.00	6	6	2	2	9
db::executor::pipeline::contracts::execution	crates/icydb-core/src/db/executor/pipeline/contracts/execution/mod.rs	14	0	0	0.00	0	0	0	0	0
db::executor::pipeline::contracts::execution::outcomes	crates/icydb-core/src/db/executor/pipeline/contracts/execution/outcomes.rs	36	0	0	0.00	0	0	0	1	0
db::executor::pipeline::contracts::execution::stream	crates/icydb-core/src/db/executor/pipeline/contracts/execution/stream.rs	76	0	0	0.00	0	0	0	1	0
db::executor::pipeline::contracts::grouped	crates/icydb-core/src/db/executor/pipeline/contracts/grouped/mod.rs	8	0	0	0.00	0	0	0	0	0
db::executor::pipeline::contracts::grouped::route_stage	crates/icydb-core/src/db/executor/pipeline/contracts/grouped/route_stage/mod.rs	5	0	0	0.00	0	0	0	0	0
db::executor::pipeline::contracts::grouped::route_stage::payload	crates/icydb-core/src/db/executor/pipeline/contracts/grouped/route_stage/payload.rs	40	0	0	0.00	0	0	0	1	0
db::executor::pipeline::contracts::grouped::route_stage::projection	crates/icydb-core/src/db/executor/pipeline/contracts/grouped/route_stage/projection.rs	128	0	0	0.00	2	2	1	3	2
db::executor::pipeline::contracts::grouped::stages	crates/icydb-core/src/db/executor/pipeline/contracts/grouped/stages.rs	247	2	5	2.50	0	0	1	3	2
db::executor::pipeline::contracts	crates/icydb-core/src/db/executor/pipeline/contracts/mod.rs	89	3	6	2.00	0	0	1	2	3
db::executor::pipeline::contracts::post_access	crates/icydb-core/src/db/executor/pipeline/contracts/post_access.rs	35	0	0	0.00	0	0	0	1	0
db::executor::pipeline::entrypoints::grouped	crates/icydb-core/src/db/executor/pipeline/entrypoints/grouped.rs	228	1	2	2.00	4	4	1	3	5
db::executor::pipeline::entrypoints	crates/icydb-core/src/db/executor/pipeline/entrypoints/mod.rs	80	0	0	0.00	0	0	0	3	0
db::executor::pipeline::entrypoints::scalar::hints	crates/icydb-core/src/db/executor/pipeline/entrypoints/scalar/hints.rs	71	1	3	3.00	6	5	2	1	6
db::executor::pipeline::entrypoints::scalar	crates/icydb-core/src/db/executor/pipeline/entrypoints/scalar/mod.rs	496	1	2	2.00	0	0	1	3	1
db::executor::pipeline::grouped_runtime	crates/icydb-core/src/db/executor/pipeline/grouped_runtime/mod.rs	2	0	0	0.00	0	0	0	0	0
db::executor::pipeline::grouped_runtime::route_stage	crates/icydb-core/src/db/executor/pipeline/grouped_runtime/route_stage.rs	91	0	0	0.00	1	1	1	2	1
db::executor::pipeline	crates/icydb-core/src/db/executor/pipeline/mod.rs	12	0	0	0.00	0	0	0	0	0
db::executor::pipeline::operators::distinct	crates/icydb-core/src/db/executor/pipeline/operators/distinct/mod.rs	75	1	2	2.00	1	1	1	1	2
db::executor::pipeline::operators	crates/icydb-core/src/db/executor/pipeline/operators/mod.rs	7	0	0	0.00	0	0	0	0	0
db::executor::pipeline::operators::post_access::contracts	crates/icydb-core/src/db/executor/pipeline/operators/post_access/contracts/mod.rs	3	0	0	0.00	0	0	0	0	0
db::executor::pipeline::operators::post_access::contracts::row	crates/icydb-core/src/db/executor/pipeline/operators/post_access/contracts/row.rs	23	0	0	0.00	0	0	0	4	0
db::executor::pipeline::operators::post_access::contracts::stats	crates/icydb-core/src/db/executor/pipeline/operators/post_access/contracts/stats.rs	4	0	0	0.00	0	0	0	0	0
db::executor::pipeline::operators::post_access::coordinator	crates/icydb-core/src/db/executor/pipeline/operators/post_access/coordinator/mod.rs	15	0	0	0.00	0	0	0	1	0
db::executor::pipeline::operators::post_access::coordinator::runtime::guard_filter	crates/icydb-core/src/db/executor/pipeline/operators/post_access/coordinator/runtime/guard_filter.rs	64	0	0	0.00	5	5	2	2	5
db::executor::pipeline::operators::post_access::coordinator::runtime	crates/icydb-core/src/db/executor/pipeline/operators/post_access/coordinator/runtime/mod.rs	2	0	0	0.00	0	0	0	0	0
db::executor::pipeline::operators::post_access::coordinator::runtime::phases	crates/icydb-core/src/db/executor/pipeline/operators/post_access/coordinator/runtime/phases.rs	58	0	0	0.00	0	0	0	2	0
db::executor::pipeline::operators::post_access	crates/icydb-core/src/db/executor/pipeline/operators/post_access/mod.rs	32	0	0	0.00	0	0	0	2	0
db::executor::pipeline::operators::post_access::order_cursor	crates/icydb-core/src/db/executor/pipeline/operators/post_access/order_cursor.rs	19	0	0	0.00	0	0	0	1	0
db::executor::pipeline::operators::post_access::terminal	crates/icydb-core/src/db/executor/pipeline/operators/post_access/terminal/mod.rs	4	0	0	0.00	0	0	0	0	0
db::executor::pipeline::operators::post_access::terminal::order	crates/icydb-core/src/db/executor/pipeline/operators/post_access/terminal/order.rs	58	0	0	0.00	5	5	3	2	5
db::executor::pipeline::operators::post_access::terminal::paging_delete	crates/icydb-core/src/db/executor/pipeline/operators/post_access/terminal/paging_delete.rs	27	0	0	0.00	2	2	2	2	2
db::executor::pipeline::operators::post_access::window	crates/icydb-core/src/db/executor/pipeline/operators/post_access/window.rs	10	0	0	0.00	2	2	1	0	2
db::executor::pipeline::operators::reducer::aggregate	crates/icydb-core/src/db/executor/pipeline/operators/reducer/aggregate.rs	62	0	0	0.00	1	1	1	2	1
db::executor::pipeline::operators::reducer	crates/icydb-core/src/db/executor/pipeline/operators/reducer/mod.rs	2	0	0	0.00	0	0	0	0	0
db::executor::pipeline::operators::reducer::runner	crates/icydb-core/src/db/executor/pipeline/operators/reducer/runner.rs	95	6	15	2.50	1	1	1	2	7
db::executor::pipeline::operators::terminal	crates/icydb-core/src/db/executor/pipeline/operators/terminal/mod.rs	1	0	0	0.00	0	0	0	0	0
db::executor::pipeline::operators::terminal::runtime	crates/icydb-core/src/db/executor/pipeline/operators/terminal/runtime/mod.rs	1	0	0	0.00	0	0	0	0	0
db::executor::pipeline::operators::terminal::runtime::row_collector	crates/icydb-core/src/db/executor/pipeline/operators/terminal/runtime/row_collector.rs	267	1	2	2.00	10	9	1	2	10
db::executor::pipeline::orchestrator::contracts	crates/icydb-core/src/db/executor/pipeline/orchestrator/contracts/mod.rs	71	1	2	2.00	2	2	1	2	3
db::executor::pipeline::orchestrator::guards	crates/icydb-core/src/db/executor/pipeline/orchestrator/guards.rs	34	0	0	0.00	0	0	0	1	0
db::executor::pipeline::orchestrator	crates/icydb-core/src/db/executor/pipeline/orchestrator/mod.rs	93	2	4	2.00	3	3	2	3	5
db::executor::pipeline::orchestrator::state	crates/icydb-core/src/db/executor/pipeline/orchestrator/state/mod.rs	32	0	0	0.00	0	0	0	1	0
db::executor::pipeline::orchestrator::strategy	crates/icydb-core/src/db/executor/pipeline/orchestrator/strategy/mod.rs	137	2	4	2.00	1	1	1	3	3
db::executor::pipeline::runtime::fast_path	crates/icydb-core/src/db/executor/pipeline/runtime/fast_path/mod.rs	147	3	7	2.33	3	3	2	2	6
db::executor::pipeline::runtime::fast_path::strategy	crates/icydb-core/src/db/executor/pipeline/runtime/fast_path/strategy.rs	129	3	10	3.33	1	1	1	2	4
db::executor::pipeline::runtime	crates/icydb-core/src/db/executor/pipeline/runtime/mod.rs	29	0	0	0.00	0	0	0	2	0
db::executor::pipeline::timing	crates/icydb-core/src/db/executor/pipeline/timing.rs	24	0	0	0.00	0	0	0	0	0
db::executor::plan_metrics	crates/icydb-core/src/db/executor/plan_metrics.rs	58	1	2	2.00	0	0	1	3	1
db::executor::planning::continuation::engine	crates/icydb-core/src/db/executor/planning/continuation/engine.rs	56	1	3	3.00	0	0	1	2	1
db::executor::planning::continuation::grouped::context	crates/icydb-core/src/db/executor/planning/continuation/grouped/context.rs	63	0	0	0.00	1	1	1	3	1
db::executor::planning::continuation::grouped	crates/icydb-core/src/db/executor/planning/continuation/grouped/mod.rs	4	0	0	0.00	0	0	0	0	0
db::executor::planning::continuation::grouped::window	crates/icydb-core/src/db/executor/planning/continuation/grouped/window.rs	47	0	0	0.00	0	0	0	1	0
db::executor::planning::continuation	crates/icydb-core/src/db/executor/planning/continuation/mod.rs	8	0	0	0.00	0	0	0	0	0
db::executor::planning::continuation::route	crates/icydb-core/src/db/executor/planning/continuation/route.rs	145	0	0	0.00	0	0	0	1	0
db::executor::planning::continuation::scalar	crates/icydb-core/src/db/executor/planning/continuation/scalar.rs	171	1	3	3.00	3	3	2	2	4
db::executor::planning	crates/icydb-core/src/db/executor/planning/mod.rs	3	0	0	0.00	0	0	0	0	0
db::executor::planning::preparation	crates/icydb-core/src/db/executor/planning/preparation.rs	191	3	8	2.67	1	1	1	1	4
db::executor::planning::route::capability	crates/icydb-core/src/db/executor/planning/route/capability.rs	170	0	0	0.00	7	7	1	1	7
db::executor::planning::route::contracts::capabilities	crates/icydb-core/src/db/executor/planning/route/contracts/capabilities.rs	22	0	0	0.00	0	0	0	1	0
db::executor::planning::route::contracts::execution	crates/icydb-core/src/db/executor/planning/route/contracts/execution/mod.rs	150	4	11	2.75	1	1	1	1	5
db::executor::planning::route::contracts::execution::observability	crates/icydb-core/src/db/executor/planning/route/contracts/execution/observability.rs	71	2	3	1.50	0	0	1	1	2
db::executor::planning::route::contracts::execution::plan	crates/icydb-core/src/db/executor/planning/route/contracts/execution/plan.rs	218	2	6	3.00	1	1	2	1	3
db::executor::planning::route::contracts	crates/icydb-core/src/db/executor/planning/route/contracts/mod.rs	21	0	0	0.00	0	0	0	0	0
db::executor::planning::route::contracts::shape	crates/icydb-core/src/db/executor/planning/route/contracts/shape.rs	124	0	0	0.00	0	0	0	2	0
db::executor::planning::route::fast_path	crates/icydb-core/src/db/executor/planning/route/fast_path.rs	85	0	0	0.00	0	0	0	2	0
db::executor::planning::route::guard	crates/icydb-core/src/db/executor/planning/route/guard.rs	86	0	0	0.00	0	0	0	1	0
db::executor::planning::route::hints::aggregate	crates/icydb-core/src/db/executor/planning/route/hints/aggregate.rs	101	2	6	3.00	2	2	1	1	4
db::executor::planning::route::hints::load	crates/icydb-core/src/db/executor/planning/route/hints/load.rs	117	0	0	0.00	5	5	1	1	5
db::executor::planning::route::hints	crates/icydb-core/src/db/executor/planning/route/hints/mod.rs	10	0	0	0.00	0	0	0	0	0
db::executor::planning::route	crates/icydb-core/src/db/executor/planning/route/mod.rs	67	0	0	0.00	0	0	0	0	0
db::executor::planning::route::mode	crates/icydb-core/src/db/executor/planning/route/mode.rs	63	1	3	3.00	4	4	2	1	5
db::executor::planning::route::planner::entrypoints	crates/icydb-core/src/db/executor/planning/route/planner/entrypoints.rs	229	0	0	0.00	3	3	1	2	3
db::executor::planning::route::planner::execution	crates/icydb-core/src/db/executor/planning/route/planner/execution/mod.rs	79	2	7	3.50	0	0	1	1	2
db::executor::planning::route::planner::execution::shape_aggregate_count	crates/icydb-core/src/db/executor/planning/route/planner/execution/shape_aggregate_count.rs	60	2	4	2.00	0	0	1	1	2
db::executor::planning::route::planner::execution::shape_aggregate_grouped	crates/icydb-core/src/db/executor/planning/route/planner/execution/shape_aggregate_grouped.rs	26	0	0	0.00	1	1	1	1	1
db::executor::planning::route::planner::execution::shape_aggregate_non_count	crates/icydb-core/src/db/executor/planning/route/planner/execution/shape_aggregate_non_count.rs	56	1	2	2.00	0	0	1	1	1
db::executor::planning::route::planner::execution::shape_load	crates/icydb-core/src/db/executor/planning/route/planner/execution/shape_load.rs	30	0	0	0.00	1	1	1	1	1
db::executor::planning::route::planner::feasibility::gates	crates/icydb-core/src/db/executor/planning/route/planner/feasibility/gates.rs	75	0	0	0.00	0	0	0	1	0
db::executor::planning::route::planner::feasibility	crates/icydb-core/src/db/executor/planning/route/planner/feasibility/mod.rs	324	0	0	0.00	0	0	0	1	0
db::executor::planning::route::planner::intent	crates/icydb-core/src/db/executor/planning/route/planner/intent.rs	83	2	7	3.50	1	1	2	1	3
db::executor::planning::route::planner	crates/icydb-core/src/db/executor/planning/route/planner/mod.rs	17	0	0	0.00	0	0	0	0	0
db::executor::planning::route::planner::stages	crates/icydb-core/src/db/executor/planning/route/planner/stages.rs	68	0	0	0.00	0	0	0	1	0
db::executor::planning::route::pushdown	crates/icydb-core/src/db/executor/planning/route/pushdown.rs	58	0	0	0.00	0	0	0	1	0
db::executor::planning::route::semantics	crates/icydb-core/src/db/executor/planning/route/semantics.rs	28	0	0	0.00	0	0	0	1	0
db::executor::planning::route::terminal	crates/icydb-core/src/db/executor/planning/route/terminal.rs	105	1	2	2.00	1	1	1	1	2
db::executor::prepared_execution_plan	crates/icydb-core/src/db/executor/prepared_execution_plan.rs	647	7	17	2.43	11	11	1	3	18
db::executor::projection::eval	crates/icydb-core/src/db/executor/projection/eval/mod.rs	65	0	0	0.00	0	0	0	2	0
db::executor::projection::eval::operators::binary::comparison	crates/icydb-core/src/db/executor/projection/eval/operators/binary/comparison.rs	37	1	2	2.00	3	2	1	2	3
db::executor::projection::eval::operators::binary	crates/icydb-core/src/db/executor/projection/eval/operators/binary/mod.rs	78	4	12	3.00	1	1	1	2	5
db::executor::projection::eval::operators	crates/icydb-core/src/db/executor/projection/eval/operators/mod.rs	8	0	0	0.00	0	0	0	0	0
db::executor::projection::eval::operators::unary	crates/icydb-core/src/db/executor/projection/eval/operators/unary.rs	28	2	2	1.00	1	1	1	2	3
db::executor::projection::eval::scalar	crates/icydb-core/src/db/executor/projection/eval/scalar.rs	179	2	5	2.50	2	2	1	3	4
db::executor::projection::grouped	crates/icydb-core/src/db/executor/projection/grouped.rs	227	3	12	4.00	2	2	1	2	5
db::executor::projection::materialize	crates/icydb-core/src/db/executor/projection/materialize/mod.rs	220	1	1	1.00	2	2	1	5	3
db::executor::projection	crates/icydb-core/src/db/executor/projection/mod.rs	26	0	0	0.00	0	0	0	0	0
db::executor::runtime_context	crates/icydb-core/src/db/executor/runtime_context/mod.rs	495	7	14	2.00	10	10	2	5	17
db::executor::scan::fast_stream	crates/icydb-core/src/db/executor/scan/fast_stream/mod.rs	33	0	0	0.00	0	0	0	2	0
db::executor::scan::fast_stream_route::handlers	crates/icydb-core/src/db/executor/scan/fast_stream_route/handlers.rs	32	0	0	0.00	0	0	0	2	0
db::executor::scan::fast_stream_route	crates/icydb-core/src/db/executor/scan/fast_stream_route/mod.rs	99	1	4	4.00	0	0	1	2	1
db::executor::scan::index_range_limit	crates/icydb-core/src/db/executor/scan/index_range_limit.rs	49	0	0	0.00	0	0	0	2	0
db::executor::scan	crates/icydb-core/src/db/executor/scan/mod.rs	7	0	0	0.00	0	0	0	0	0
db::executor::scan::secondary_index	crates/icydb-core/src/db/executor/scan/secondary_index.rs	57	0	0	0.00	1	1	1	2	1
db::executor::stream::access::bindings	crates/icydb-core/src/db/executor/stream/access/bindings.rs	219	0	0	0.00	2	2	1	2	2
db::executor::stream::access	crates/icydb-core/src/db/executor/stream/access/mod.rs	10	0	0	0.00	0	0	0	0	0
db::executor::stream::access::physical	crates/icydb-core/src/db/executor/stream/access/physical.rs	297	2	10	5.00	9	9	2	3	11
db::executor::stream::access::scan	crates/icydb-core/src/db/executor/stream/access/scan.rs	156	2	4	2.00	3	3	2	4	5
db::executor::stream::access::traversal	crates/icydb-core/src/db/executor/stream/access/traversal.rs	245	1	3	3.00	7	7	2	2	8
db::executor::stream::key::composite	crates/icydb-core/src/db/executor/stream/key/composite.rs	316	2	6	3.00	13	13	3	3	15
db::executor::stream::key::contracts	crates/icydb-core/src/db/executor/stream/key/contracts.rs	269	5	19	3.80	1	1	1	2	6
db::executor::stream::key::distinct	crates/icydb-core/src/db/executor/stream/key/distinct.rs	65	0	0	0.00	4	4	3	2	4
db::executor::stream::key	crates/icydb-core/src/db/executor/stream/key/mod.rs	15	0	0	0.00	0	0	0	0	0
db::executor::stream::key::order	crates/icydb-core/src/db/executor/stream/key/order.rs	44	3	6	2.00	0	0	1	1	3
db::executor::stream	crates/icydb-core/src/db/executor/stream/mod.rs	2	0	0	0.00	0	0	0	0	0
db::executor::terminal::bytes	crates/icydb-core/src/db/executor/terminal/bytes.rs	337	6	15	2.50	3	3	2	3	9
db::executor::terminal	crates/icydb-core/src/db/executor/terminal/mod.rs	64	0	0	0.00	3	3	2	4	3
db::executor::terminal::page	crates/icydb-core/src/db/executor/terminal/page.rs	1112	11	30	2.73	36	35	3	3	46
db::executor::terminal::ranking::by_slot	crates/icydb-core/src/db/executor/terminal/ranking/by_slot.rs	111	0	0	0.00	0	0	0	5	0
db::executor::terminal::ranking::materialized	crates/icydb-core/src/db/executor/terminal/ranking/materialized/mod.rs	204	1	2	2.00	3	3	1	4	4
db::executor::terminal::ranking::materialized::projections	crates/icydb-core/src/db/executor/terminal/ranking/materialized/projections.rs	144	0	0	0.00	0	0	0	4	0
db::executor::terminal::ranking	crates/icydb-core/src/db/executor/terminal/ranking/mod.rs	185	4	12	3.00	1	1	1	5	5
db::executor::terminal::ranking::take	crates/icydb-core/src/db/executor/terminal/ranking/take.rs	21	0	0	0.00	0	0	0	3	0
db::executor::terminal::row_decode	crates/icydb-core/src/db/executor/terminal/row_decode.rs	167	0	0	0.00	3	3	1	5	3
db::executor::traversal	crates/icydb-core/src/db/executor/traversal.rs	52	0	0	0.00	2	2	1	2	2
db::executor::util	crates/icydb-core/src/db/executor/util.rs	10	0	0	0.00	1	1	1	0	1
db::executor::window	crates/icydb-core/src/db/executor/window.rs	60	0	0	0.00	2	2	1	1	2
db::identity	crates/icydb-core/src/db/identity/mod.rs	264	0	0	0.00	15	15	1	0	15
db::index::entry	crates/icydb-core/src/db/index/entry.rs	429	4	10	2.50	13	13	1	4	17
db::index::envelope	crates/icydb-core/src/db/index/envelope.rs	126	6	14	2.33	4	4	1	2	10
db::index::key::build	crates/icydb-core/src/db/index/key/build.rs	486	13	28	2.15	14	14	2	5	27
db::index::key::codec::bounds	crates/icydb-core/src/db/index/key/codec/bounds.rs	43	0	0	0.00	0	0	0	1	0
db::index::key::codec::envelope	crates/icydb-core/src/db/index/key/codec/envelope.rs	28	0	0	0.00	0	0	0	2	0
db::index::key::codec::error	crates/icydb-core/src/db/index/key/codec/error.rs	9	0	0	0.00	0	0	0	0	0
db::index::key::codec	crates/icydb-core/src/db/index/key/codec/mod.rs	273	0	0	0.00	9	9	1	2	9
db::index::key::codec::scalar	crates/icydb-core/src/db/index/key/codec/scalar.rs	22	1	3	3.00	0	0	1	1	1
db::index::key::codec::tuple	crates/icydb-core/src/db/index/key/codec/tuple.rs	57	0	0	0.00	5	5	1	1	5
db::index::key::expression	crates/icydb-core/src/db/index/key/expression.rs	73	4	24	6.00	0	0	1	3	4
db::index::key::id	crates/icydb-core/src/db/index/key/id.rs	49	0	0	0.00	1	1	1	1	1
db::index::key	crates/icydb-core/src/db/index/key/mod.rs	14	0	0	0.00	0	0	0	0	0
db::index::key::ordered::error	crates/icydb-core/src/db/index/key/ordered/error.rs	22	0	0	0.00	0	0	0	1	0
db::index::key::ordered	crates/icydb-core/src/db/index/key/ordered/mod.rs	266	5	66	13.20	1	1	1	3	6
db::index::key::ordered::normalize	crates/icydb-core/src/db/index/key/ordered/normalize.rs	169	0	0	0.00	10	10	1	2	10
db::index::key::ordered::parts	crates/icydb-core/src/db/index/key/ordered/parts.rs	89	2	4	2.00	3	3	1	3	5
db::index::key::ordered::semantics	crates/icydb-core/src/db/index/key/ordered/semantics.rs	68	0	0	0.00	2	2	1	3	2
db::index	crates/icydb-core/src/db/index/mod.rs	39	0	0	0.00	0	0	0	0	0
db::index::pk_equivalence	crates/icydb-core/src/db/index/pk_equivalence.rs	32	0	0	0.00	0	0	0	2	0
db::index::plan::commit_ops	crates/icydb-core/src/db/index/plan/commit_ops.rs	141	1	3	3.00	9	9	3	2	10
db::index::plan	crates/icydb-core/src/db/index/plan/mod.rs	455	4	9	2.25	7	7	2	5	11
db::index::plan::private	crates/icydb-core/src/db/index/plan/private.rs	5	0	0	0.00	0	0	0	1	0
db::index::plan::unique	crates/icydb-core/src/db/index/plan/unique.rs	126	0	0	0.00	6	6	1	5	6
db::index::predicate::compile	crates/icydb-core/src/db/index/predicate/compile.rs	415	18	66	3.67	7	7	2	2	25
db::index::predicate	crates/icydb-core/src/db/index/predicate/mod.rs	132	2	15	7.50	3	3	2	4	5
db::index::range	crates/icydb-core/src/db/index/range.rs	150	5	15	3.00	2	2	1	3	7
db::index::scan::decode	crates/icydb-core/src/db/index/scan/decode.rs	186	0	0	0.00	13	13	2	4	13
db::index::scan	crates/icydb-core/src/db/index/scan/mod.rs	6	0	0	0.00	0	0	0	1	0
db::index::scan::raw	crates/icydb-core/src/db/index/scan/raw.rs	163	3	7	2.33	8	8	3	4	11
db::index::store	crates/icydb-core/src/db/index/store.rs	122	1	3	3.00	2	2	1	2	3
db::migration	crates/icydb-core/src/db/migration/mod.rs	368	0	0	0.00	10	10	1	4	10
db	crates/icydb-core/src/db/mod.rs	267	0	0	0.00	2	2	1	3	2
db::numeric	crates/icydb-core/src/db/numeric/mod.rs	123	2	6	3.00	1	1	1	3	3
db::predicate::capability	crates/icydb-core/src/db/predicate/capability.rs	444	9	35	3.89	16	15	2	3	24
db::predicate::coercion	crates/icydb-core/src/db/predicate/coercion.rs	114	2	6	3.00	0	0	1	1	2
db::predicate::encoding	crates/icydb-core/src/db/predicate/encoding.rs	277	7	49	7.00	4	4	2	2	11
db::predicate::fingerprint	crates/icydb-core/src/db/predicate/fingerprint.rs	10	0	0	0.00	0	0	0	1	0
db::predicate	crates/icydb-core/src/db/predicate/mod.rs	53	0	0	0.00	0	0	0	2	0
db::predicate::model	crates/icydb-core/src/db/predicate/model.rs	221	0	0	0.00	0	0	0	2	0
db::predicate::normalize	crates/icydb-core/src/db/predicate/normalize.rs	367	8	50	6.25	17	17	2	3	25
db::predicate::parser	crates/icydb-core/src/db/predicate/parser/mod.rs	333	4	8	2.00	25	25	2	2	29
db::predicate::resolved	crates/icydb-core/src/db/predicate/resolved.rs	43	0	0	0.00	0	0	0	2	0
db::predicate::row_policy	crates/icydb-core/src/db/predicate/row_policy.rs	5	0	0	0.00	0	0	0	0	0
db::predicate::runtime	crates/icydb-core/src/db/predicate/runtime.rs	1127	39	178	4.56	24	24	3	3	63
db::predicate::semantics	crates/icydb-core/src/db/predicate/semantics.rs	169	8	29	3.62	6	6	2	2	14
db::predicate::simplify	crates/icydb-core/src/db/predicate/simplify.rs	253	10	39	3.90	13	11	2	1	21
db::query::api	crates/icydb-core/src/db/query/api/mod.rs	2	0	0	0.00	0	0	0	0	0
db::query::api::result_ext	crates/icydb-core/src/db/query/api/result_ext.rs	57	2	6	3.00	1	1	1	2	3
db::query::builder::aggregate	crates/icydb-core/src/db/query/builder/aggregate.rs	524	12	37	3.08	0	0	1	1	12
db::query::builder::field	crates/icydb-core/src/db/query/builder/field.rs	129	0	0	0.00	0	0	0	3	0
db::query::builder	crates/icydb-core/src/db/query/builder/mod.rs	19	0	0	0.00	0	0	0	0	0
db::query::builder::text_projection	crates/icydb-core/src/db/query/builder/text_projection.rs	498	17	78	4.59	5	5	2	3	22
db::query::explain::access_projection	crates/icydb-core/src/db/query/explain/access_projection.rs	192	4	28	7.00	1	1	1	2	5
db::query::explain::execution	crates/icydb-core/src/db/query/explain/execution.rs	392	6	51	8.50	0	0	1	2	6
db::query::explain::json	crates/icydb-core/src/db/query/explain/json.rs	105	11	22	2.00	1	1	1	1	12
db::query::explain	crates/icydb-core/src/db/query/explain/mod.rs	12	0	0	0.00	0	0	0	0	0
db::query::explain::nodes	crates/icydb-core/src/db/query/explain/nodes/mod.rs	117	4	9	2.25	6	6	3	2	10
db::query::explain::plan	crates/icydb-core/src/db/query/explain/plan.rs	625	14	41	2.93	3	3	2	4	17
db::query::explain::render	crates/icydb-core/src/db/query/explain/render.rs	214	0	0	0.00	27	27	1	1	27
db::query::explain::writer	crates/icydb-core/src/db/query/explain/writer.rs	138	1	8	8.00	4	4	1	1	5
db::query::expr	crates/icydb-core/src/db/query/expr.rs	55	0	0	0.00	0	0	0	1	0
db::query::fingerprint::aggregate_hash	crates/icydb-core/src/db/query/fingerprint/aggregate_hash.rs	73	2	10	5.00	1	1	1	1	3
db::query::fingerprint::fingerprint	crates/icydb-core/src/db/query/fingerprint/fingerprint.rs	47	0	0	0.00	0	0	0	1	0
db::query::fingerprint::hash_parts	crates/icydb-core/src/db/query/fingerprint/hash_parts.rs	942	19	58	3.05	7	7	2	3	26
db::query::fingerprint	crates/icydb-core/src/db/query/fingerprint/mod.rs	20	0	0	0.00	0	0	0	1	0
db::query::fingerprint::projection_hash	crates/icydb-core/src/db/query/fingerprint/projection_hash.rs	197	6	22	3.67	2	2	2	2	8
db::query::fingerprint::shape_signature	crates/icydb-core/src/db/query/fingerprint/shape_signature/mod.rs	46	0	0	0.00	0	0	0	1	0
db::query::fluent::delete	crates/icydb-core/src/db/query/fluent/delete.rs	151	1	3	3.00	1	1	1	3	2
db::query::fluent::load::builder	crates/icydb-core/src/db/query/fluent/load/builder.rs	155	0	0	0.00	0	0	0	4	0
db::query::fluent::load	crates/icydb-core/src/db/query/fluent/load/mod.rs	8	0	0	0.00	0	0	0	0	0
db::query::fluent::load::pagination	crates/icydb-core/src/db/query/fluent/load/pagination.rs	60	0	0	0.00	0	0	0	2	0
db::query::fluent::load::result	crates/icydb-core/src/db/query/fluent/load/result.rs	39	3	6	2.00	0	0	1	2	3
db::query::fluent::load::terminals	crates/icydb-core/src/db/query/fluent/load/terminals.rs	967	5	17	3.40	1	1	1	5	6
db::query::fluent::load::validation	crates/icydb-core/src/db/query/fluent/load/validation.rs	60	0	0	0.00	1	1	1	2	1
db::query::fluent	crates/icydb-core/src/db/query/fluent/mod.rs	2	0	0	0.00	0	0	0	0	0
db::query::intent::errors	crates/icydb-core/src/db/query/intent/errors/mod.rs	271	9	25	2.78	0	0	1	2	9
db::query::intent::key_access	crates/icydb-core/src/db/query/intent/key_access.rs	35	1	2	2.00	0	0	1	3	1
db::query::intent	crates/icydb-core/src/db/query/intent/mod.rs	18	0	0	0.00	0	0	0	0	0
db::query::intent::model	crates/icydb-core/src/db/query/intent/model.rs	419	5	15	3.00	14	14	2	4	19
db::query::intent::mutation	crates/icydb-core/src/db/query/intent/mutation.rs	132	2	4	2.00	7	7	2	1	9
db::query::intent::policy	crates/icydb-core/src/db/query/intent/policy.rs	29	1	3	3.00	0	0	1	1	1
db::query::intent::query	crates/icydb-core/src/db/query/intent/query.rs	977	8	33	4.12	7	7	2	3	15
db::query::intent::state	crates/icydb-core/src/db/query/intent/state.rs	256	17	34	2.00	2	2	2	1	19
db::query	crates/icydb-core/src/db/query/mod.rs	9	0	0	0.00	0	0	0	0	0
db::query::plan::access_choice::evaluator	crates/icydb-core/src/db/query/plan/access_choice/evaluator/mod.rs	98	2	6	3.00	1	1	1	2	3
db::query::plan::access_choice::evaluator::prefix	crates/icydb-core/src/db/query/plan/access_choice/evaluator/prefix.rs	238	5	13	2.60	18	18	2	3	23
db::query::plan::access_choice::evaluator::range	crates/icydb-core/src/db/query/plan/access_choice/evaluator/range.rs	358	9	23	2.56	33	33	3	2	42
db::query::plan::access_choice::evaluator::ranking	crates/icydb-core/src/db/query/plan/access_choice/evaluator/ranking.rs	116	1	4	4.00	7	7	1	1	8
db::query::plan::access_choice	crates/icydb-core/src/db/query/plan/access_choice/mod.rs	76	2	5	2.50	2	2	2	2	4
db::query::plan::access_choice::model	crates/icydb-core/src/db/query/plan/access_choice/model.rs	155	3	34	11.33	0	0	1	0	3
db::query::plan::access_plan	crates/icydb-core/src/db/query/plan/access_plan.rs	230	2	3	1.50	1	1	1	3	3
db::query::plan::access_planner	crates/icydb-core/src/db/query/plan/access_planner.rs	89	1	2	2.00	0	0	1	3	1
db::query::plan::continuation	crates/icydb-core/src/db/query/plan/continuation.rs	410	1	3	3.00	11	11	1	2	12
db::query::plan::covering	crates/icydb-core/src/db/query/plan/covering/mod.rs	437	4	8	2.00	26	26	2	3	30
db::query::plan::expr::ast	crates/icydb-core/src/db/query/plan/expr/ast.rs	83	0	0	0.00	0	0	0	2	0
db::query::plan::expr	crates/icydb-core/src/db/query/plan/expr/mod.rs	8	0	0	0.00	0	0	0	0	0
db::query::plan::expr::projection	crates/icydb-core/src/db/query/plan/expr/projection.rs	101	5	13	2.60	1	1	1	2	6
db::query::plan::expr::scalar	crates/icydb-core/src/db/query/plan/expr/scalar.rs	111	2	7	3.50	0	0	1	3	2
db::query::plan::expr::type_inference	crates/icydb-core/src/db/query/plan/expr/type_inference/mod.rs	296	9	42	4.67	8	7	2	3	16
db::query::plan::group	crates/icydb-core/src/db/query/plan/group.rs	647	9	26	2.89	1	1	2	3	10
db::query::plan::grouped_layout	crates/icydb-core/src/db/query/plan/grouped_layout.rs	40	0	0	0.00	5	5	1	2	5
db::query::plan::key_item_match	crates/icydb-core/src/db/query/plan/key_item_match.rs	124	6	12	2.00	7	7	2	3	13
db::query::plan::logical_builder	crates/icydb-core/src/db/query/plan/logical_builder.rs	147	2	4	2.00	4	4	2	2	6
db::query::plan	crates/icydb-core/src/db/query/plan/mod.rs	149	1	2	2.00	1	1	1	3	2
db::query::plan::model	crates/icydb-core/src/db/query/plan/model.rs	349	4	18	4.50	5	4	2	3	8
db::query::plan::model_builder	crates/icydb-core/src/db/query/plan/model_builder.rs	56	0	0	0.00	0	0	0	1	0
db::query::plan::order_contract	crates/icydb-core/src/db/query/plan/order_contract.rs	195	3	7	2.33	3	3	1	1	6
db::query::plan::order_term	crates/icydb-core/src/db/query/plan/order_term.rs	48	3	5	1.67	3	3	1	1	6
db::query::plan::planner::compare	crates/icydb-core/src/db/query/plan/planner/compare.rs	311	6	21	3.50	23	23	3	3	29
db::query::plan::planner::index_select	crates/icydb-core/src/db/query/plan/planner/index_select.rs	417	18	60	3.33	19	18	3	3	36
db::query::plan::planner	crates/icydb-core/src/db/query/plan/planner/mod.rs	88	0	0	0.00	2	2	1	4	2
db::query::plan::planner::order_select	crates/icydb-core/src/db/query/plan/planner/order_select.rs	37	0	0	0.00	1	1	1	3	1
db::query::plan::planner::predicate	crates/icydb-core/src/db/query/plan/planner/predicate.rs	153	1	5	5.00	5	5	2	4	6
db::query::plan::planner::prefix	crates/icydb-core/src/db/query/plan/planner/prefix.rs	228	3	8	2.67	9	9	2	3	12
db::query::plan::planner::range::bounds	crates/icydb-core/src/db/query/plan/planner/range/bounds.rs	121	7	24	3.43	7	7	2	2	14
db::query::plan::planner::range::extract	crates/icydb-core/src/db/query/plan/planner/range/extract.rs	344	10	30	3.00	22	22	3	3	32
db::query::plan::planner::range	crates/icydb-core/src/db/query/plan/planner/range/mod.rs	32	0	0	0.00	0	0	0	2	0
db::query::plan::planner::ranking	crates/icydb-core/src/db/query/plan/planner/ranking.rs	57	0	0	0.00	3	3	1	2	3
db::query::plan::projection	crates/icydb-core/src/db/query/plan/projection.rs	108	5	10	2.00	0	0	1	2	5
db::query::plan::semantics::access_projection	crates/icydb-core/src/db/query/plan/semantics/access_projection.rs	144	3	19	6.33	0	0	1	2	3
db::query::plan::semantics::group_distinct	crates/icydb-core/src/db/query/plan/semantics/group_distinct.rs	257	4	17	4.25	8	8	1	2	12
db::query::plan::semantics::group_having	crates/icydb-core/src/db/query/plan/semantics/group_having.rs	67	1	2	2.00	3	3	1	1	4
db::query::plan::semantics::group_model	crates/icydb-core/src/db/query/plan/semantics/group_model.rs	147	1	3	3.00	0	0	1	4	1
db::query::plan::semantics::grouped_strategy	crates/icydb-core/src/db/query/plan/semantics/grouped_strategy.rs	256	3	10	3.33	11	11	1	1	14
db::query::plan::semantics::logical	crates/icydb-core/src/db/query/plan/semantics/logical.rs	561	13	30	2.31	11	11	2	3	24
db::query::plan::semantics	crates/icydb-core/src/db/query/plan/semantics/mod.rs	26	0	0	0.00	0	0	0	0	0
db::query::plan::semantics::pushdown	crates/icydb-core/src/db/query/plan/semantics/pushdown.rs	44	0	0	0.00	0	0	0	1	0
db::query::plan::validate::core	crates/icydb-core/src/db/query/plan/validate/core.rs	142	1	2	2.00	5	5	1	2	6
db::query::plan::validate::cursor_policy	crates/icydb-core/src/db/query/plan/validate/cursor_policy.rs	28	2	6	3.00	0	0	1	1	2
db::query::plan::validate::errors	crates/icydb-core/src/db/query/plan/validate/errors.rs	548	2	4	2.00	3	3	1	1	5
db::query::plan::validate::fluent_policy	crates/icydb-core/src/db/query/plan/validate/fluent_policy.rs	79	1	2	2.00	0	0	1	1	1
db::query::plan::validate::grouped::cursor	crates/icydb-core/src/db/query/plan/validate/grouped/cursor/mod.rs	28	0	0	0.00	0	0	0	1	0
db::query::plan::validate::grouped	crates/icydb-core/src/db/query/plan/validate/grouped/mod.rs	10	0	0	0.00	0	0	0	0	0
db::query::plan::validate::grouped::policy	crates/icydb-core/src/db/query/plan/validate/grouped/policy/mod.rs	95	2	5	2.50	0	0	1	1	2
db::query::plan::validate::grouped::policy::rules	crates/icydb-core/src/db/query/plan/validate/grouped/policy/rules.rs	171	0	0	0.00	0	0	0	1	0
db::query::plan::validate::grouped::projection_expr	crates/icydb-core/src/db/query/plan/validate/grouped/projection_expr/mod.rs	52	2	2	1.00	0	0	1	1	2
db::query::plan::validate::grouped::structure	crates/icydb-core/src/db/query/plan/validate/grouped/structure/mod.rs	126	2	5	2.50	1	1	1	2	3
db::query::plan::validate::intent_policy	crates/icydb-core/src/db/query/plan/validate/intent_policy.rs	122	0	0	0.00	1	1	1	1	1
db::query::plan::validate	crates/icydb-core/src/db/query/plan/validate/mod.rs	66	0	0	0.00	0	0	0	0	0
db::query::plan::validate::order	crates/icydb-core/src/db/query/plan/validate/order.rs	72	0	0	0.00	4	4	1	2	4
db::query::plan::validate::plan_shape	crates/icydb-core/src/db/query/plan/validate/plan_shape.rs	118	1	2	2.00	3	3	1	1	4
db::query::plan::validate::symbols	crates/icydb-core/src/db/query/plan/validate/symbols.rs	34	0	0	0.00	0	0	0	2	0
db::query::trace	crates/icydb-core/src/db/query/trace.rs	41	0	0	0.00	0	0	0	1	0
db::reduced_sql::cursor	crates/icydb-core/src/db/reduced_sql/cursor.rs	194	3	24	8.00	14	14	1	2	17
db::reduced_sql::lexer	crates/icydb-core/src/db/reduced_sql/lexer.rs	248	4	67	16.75	57	56	2	1	60
db::reduced_sql	crates/icydb-core/src/db/reduced_sql/mod.rs	7	0	0	0.00	0	0	0	0	0
db::reduced_sql::types	crates/icydb-core/src/db/reduced_sql/types.rs	201	2	61	30.50	4	4	1	2	6
db::registry	crates/icydb-core/src/db/registry.rs	185	1	2	2.00	2	2	1	4	3
db::relation::metadata	crates/icydb-core/src/db/relation/metadata.rs	103	1	2	2.00	0	0	1	2	1
db::relation	crates/icydb-core/src/db/relation/mod.rs	117	2	5	2.50	1	1	2	4	3
db::relation::reverse_index	crates/icydb-core/src/db/relation/reverse_index.rs	552	10	30	3.00	9	9	2	5	19
db::relation::save_validate	crates/icydb-core/src/db/relation/save_validate.rs	84	0	0	0.00	1	1	1	4	1
db::relation::validate	crates/icydb-core/src/db/relation/validate.rs	172	0	0	0.00	3	3	1	6	3
db::response::grouped	crates/icydb-core/src/db/response/grouped.rs	110	0	0	0.00	0	0	0	2	0
db::response	crates/icydb-core/src/db/response/mod.rs	211	0	0	0.00	0	0	0	3	0
db::response::paged	crates/icydb-core/src/db/response/paged.rs	104	0	0	0.00	0	0	0	2	0
db::scalar_expr	crates/icydb-core/src/db/scalar_expr.rs	463	26	147	5.65	6	5	2	5	31
db::schema::describe	crates/icydb-core/src/db/schema/describe.rs	424	4	34	8.50	1	1	1	1	5
db::schema::errors	crates/icydb-core/src/db/schema/errors.rs	95	0	0	0.00	0	0	0	2	0
db::schema::fingerprint	crates/icydb-core/src/db/schema/fingerprint.rs	107	3	6	2.00	0	0	2	3	3
db::schema::format	crates/icydb-core/src/db/schema/format.rs	35	1	2	2.00	1	1	1	2	2
db::schema::info	crates/icydb-core/src/db/schema/info.rs	77	0	0	0.00	1	1	1	2	1
db::schema	crates/icydb-core/src/db/schema/mod.rs	20	0	0	0.00	0	0	0	0	0
db::schema::types	crates/icydb-core/src/db/schema/types.rs	225	14	56	4.00	1	1	3	3	15
db::schema::validate	crates/icydb-core/src/db/schema/validate.rs	298	4	19	4.75	20	20	2	2	24
db::session	crates/icydb-core/src/db/session/mod.rs	287	1	3	3.00	3	3	1	6	4
db::session::query	crates/icydb-core/src/db/session/query.rs	372	4	9	2.25	2	2	1	3	6
db::session::sql::computed_projection::eval	crates/icydb-core/src/db/session/sql/computed_projection/eval.rs	63	0	0	0.00	2	2	1	1	2
db::session::sql::computed_projection	crates/icydb-core/src/db/session/sql/computed_projection/mod.rs	37	0	0	0.00	0	0	0	1	0
db::session::sql::computed_projection::model	crates/icydb-core/src/db/session/sql/computed_projection/model.rs	107	1	14	14.00	0	0	1	2	1
db::session::sql::computed_projection::plan	crates/icydb-core/src/db/session/sql/computed_projection/plan.rs	306	7	26	3.71	18	18	3	2	25
db::session::sql::execute::computed	crates/icydb-core/src/db/session/sql/execute/computed.rs	93	0	0	0.00	1	1	1	2	1
db::session::sql::execute::lowered	crates/icydb-core/src/db/session/sql/execute/lowered.rs	175	0	0	0.00	0	0	0	2	0
db::session::sql::execute	crates/icydb-core/src/db/session/sql/execute/mod.rs	1166	25	84	3.36	40	39	3	6	64
db::session::sql::explain	crates/icydb-core/src/db/session/sql/explain.rs	187	4	17	4.25	4	4	1	2	8
db::session::sql	crates/icydb-core/src/db/session/sql/mod.rs	221	4	22	5.50	4	4	2	2	8
db::session::sql::projection::labels	crates/icydb-core/src/db/session/sql/projection/labels.rs	80	3	8	2.67	2	2	1	4	5
db::session::sql::projection	crates/icydb-core/src/db/session/sql/projection/mod.rs	19	0	0	0.00	0	0	0	1	0
db::session::sql::projection::payload	crates/icydb-core/src/db/session/sql/projection/payload.rs	33	0	0	0.00	0	0	0	2	0
db::session::sql::projection::runtime	crates/icydb-core/src/db/session/sql/projection/runtime.rs	542	2	26	13.00	12	12	2	4	14
db::session::write	crates/icydb-core/src/db/session/write.rs	142	0	0	0.00	0	0	0	3	0
db::sql::identifier	crates/icydb-core/src/db/sql/identifier.rs	107	2	15	7.50	3	3	1	1	5
db::sql::lowering::aggregate	crates/icydb-core/src/db/sql/lowering/aggregate.rs	730	9	53	5.89	9	9	2	3	18
db::sql::lowering	crates/icydb-core/src/db/sql/lowering/mod.rs	256	6	21	3.50	0	0	1	2	6
db::sql::lowering::normalize	crates/icydb-core/src/db/sql/lowering/normalize.rs	240	5	13	2.60	4	4	2	1	9
db::sql::lowering::prepare	crates/icydb-core/src/db/sql/lowering/prepare.rs	172	5	24	4.80	0	0	1	1	5
db::sql::lowering::select	crates/icydb-core/src/db/sql/lowering/select.rs	434	10	28	2.80	14	14	2	4	24
db::sql	crates/icydb-core/src/db/sql/mod.rs	3	0	0	0.00	0	0	0	0	0
db::sql::parser::clauses	crates/icydb-core/src/db/sql/parser/clauses.rs	124	2	5	2.50	8	8	2	2	10
db::sql::parser	crates/icydb-core/src/db/sql/parser/mod.rs	129	0	0	0.00	7	7	2	2	7
db::sql::parser::model	crates/icydb-core/src/db/sql/parser/model.rs	206	0	0	0.00	1	1	1	2	1
db::sql::parser::projection	crates/icydb-core/src/db/sql/parser/projection.rs	226	2	11	5.50	10	10	1	2	12
db::sql::parser::statement	crates/icydb-core/src/db/sql/parser/statement.rs	631	7	22	3.14	58	55	2	2	62
error	crates/icydb-core/src/error/mod.rs	1261	4	24	6.00	2	2	1	1	6
metrics	crates/icydb-core/src/metrics/mod.rs	6	0	0	0.00	0	0	0	0	0
metrics::sink	crates/icydb-core/src/metrics/sink.rs	408	7	31	4.43	2	2	2	2	9
metrics::state	crates/icydb-core/src/metrics/state.rs	376	0	0	0.00	2	2	1	0	2
model::entity	crates/icydb-core/src/model/entity.rs	62	0	0	0.00	0	0	0	1	0
model::field	crates/icydb-core/src/model/field.rs	313	3	24	8.00	1	1	1	2	4
model::index	crates/icydb-core/src/model/index.rs	353	7	25	3.57	6	5	2	1	12
model	crates/icydb-core/src/model/mod.rs	12	0	0	0.00	0	0	0	0	0
sanitize	crates/icydb-core/src/sanitize.rs	44	0	0	0.00	0	0	0	3	0
scalar_registry	crates/icydb-core/src/scalar_registry.rs	158	0	0	0.00	0	0	0	0	0
serialize::cbor	crates/icydb-core/src/serialize/cbor.rs	102	1	3	3.00	1	1	1	1	2
serialize	crates/icydb-core/src/serialize/mod.rs	76	2	6	3.00	0	0	1	0	2
testing::entity_tags	crates/icydb-core/src/testing/entity_tags.rs	111	0	0	0.00	0	0	0	1	0
testing::fixtures	crates/icydb-core/src/testing/fixtures.rs	321	0	0	0.00	0	0	0	1	0
testing	crates/icydb-core/src/testing/mod.rs	28	0	0	0.00	0	0	0	0	0
traits::atomic	crates/icydb-core/src/traits/atomic.rs	9	0	0	0.00	0	0	0	0	0
traits::macros	crates/icydb-core/src/traits/macros.rs	16	0	0	0.00	0	0	0	0	0
traits	crates/icydb-core/src/traits/mod.rs	437	4	8	2.00	5	5	1	4	9
traits::numeric_value	crates/icydb-core/src/traits/numeric_value.rs	67	0	0	0.00	0	0	0	1	0
traits::visitor	crates/icydb-core/src/traits/visitor.rs	136	0	0	0.00	6	6	1	1	6
types::account	crates/icydb-core/src/types/account.rs	235	1	2	2.00	11	11	2	3	12
types::blob	crates/icydb-core/src/types/blob.rs	81	1	2	2.00	0	0	1	2	1
types::date	crates/icydb-core/src/types/date.rs	187	3	6	2.00	2	2	1	3	5
types::decimal	crates/icydb-core/src/types/decimal.rs	860	4	18	4.50	66	65	2	2	69
types::duration	crates/icydb-core/src/types/duration.rs	287	2	7	3.50	8	8	1	3	10
types::float::float32	crates/icydb-core/src/types/float/float32.rs	153	1	2	2.00	6	6	1	3	7
types::float::float64	crates/icydb-core/src/types/float/float64.rs	141	1	2	2.00	4	4	1	3	5
types::float	crates/icydb-core/src/types/float/mod.rs	4	0	0	0.00	0	0	0	0	0
types::identity::entity_tag	crates/icydb-core/src/types/identity/entity_tag.rs	13	0	0	0.00	0	0	0	0	0
types::identity::generate_key	crates/icydb-core/src/types/identity/generate_key.rs	3	0	0	0.00	0	0	0	0	0
types::identity::id	crates/icydb-core/src/types/identity/id.rs	205	0	0	0.00	0	0	0	3	0
types::identity	crates/icydb-core/src/types/identity/mod.rs	8	0	0	0.00	0	0	0	0	0
types::identity::projection	crates/icydb-core/src/types/identity/projection.rs	47	0	0	0.00	0	0	0	2	0
types::int::int128	crates/icydb-core/src/types/int/int128.rs	160	1	2	2.00	1	1	1	2	2
types::int	crates/icydb-core/src/types/int/mod.rs	135	1	2	2.00	0	0	1	2	1
types	crates/icydb-core/src/types/mod.rs	39	0	0	0.00	0	0	0	0	0
types::nat	crates/icydb-core/src/types/nat/mod.rs	142	1	2	2.00	1	1	1	3	2
types::nat::nat128	crates/icydb-core/src/types/nat/nat128.rs	154	1	2	2.00	1	1	1	3	2
types::parse	crates/icydb-core/src/types/parse.rs	24	0	0	0.00	2	2	1	0	2
types::principal	crates/icydb-core/src/types/principal.rs	180	2	4	2.00	2	2	1	2	4
types::subaccount	crates/icydb-core/src/types/subaccount.rs	142	1	2	2.00	0	0	1	3	1
types::timestamp	crates/icydb-core/src/types/timestamp.rs	383	6	13	2.17	9	9	2	3	15
types::ulid::fixture	crates/icydb-core/src/types/ulid/fixture.rs	15	0	0	0.00	0	0	0	1	0
types::ulid::generator	crates/icydb-core/src/types/ulid/generator.rs	43	0	0	0.00	2	2	2	1	2
types::ulid	crates/icydb-core/src/types/ulid/mod.rs	181	2	4	2.00	2	2	1	4	4
types::unit	crates/icydb-core/src/types/unit.rs	60	0	0	0.00	0	0	0	2	0
validate	crates/icydb-core/src/validate.rs	12	0	0	0.00	0	0	0	2	0
value::coercion	crates/icydb-core/src/value/coercion.rs	15	0	0	0.00	0	0	0	0	0
value::compare	crates/icydb-core/src/value/compare.rs	121	3	50	16.67	7	7	1	1	10
value::hash	crates/icydb-core/src/value/hash.rs	223	4	29	7.25	2	2	2	3	6
value	crates/icydb-core/src/value/mod.rs	916	22	158	7.18	20	20	2	3	42
value::rank	crates/icydb-core/src/value/rank.rs	5	0	0	0.00	0	0	0	1	0
value::storage_key	crates/icydb-core/src/value/storage_key.rs	336	10	79	7.90	4	4	2	3	14
value::tag	crates/icydb-core/src/value/tag.rs	93	2	48	24.00	0	0	1	1	2
value::wire	crates/icydb-core/src/value/wire.rs	125	2	28	14.00	0	0	1	2	2
visitor::context	crates/icydb-core/src/visitor/context.rs	81	1	2	2.00	1	1	2	1	2
visitor	crates/icydb-core/src/visitor/mod.rs	371	1	3	3.00	12	12	2	3	13
visitor::sanitize	crates/icydb-core/src/visitor/sanitize.rs	19	0	0	0.00	0	0	0	2	0
visitor::validate	crates/icydb-core/src/visitor/validate.rs	19	0	0	0.00	0	0	0	2	0
